{
    "train_epoch_accs": [
        0.5325539205805281,
        0.5925972586172142,
        0.6486595444466842,
        0.6700765974601894,
        0.6824732916750655,
        0.6961046160048378,
        0.704343882281798,
        0.7114745011086474,
        0.7202932876436202,
        0.7258617214271317,
        0.7330427333198952,
        0.738762346301149,
        0.7404253174763152,
        0.7463968957871396,
        0.7504535375932272,
        0.7549637169925418,
        0.7585416246724451,
        0.7605573473090103,
        0.7652187059060673,
        0.7674863938722032
    ],
    "train_epoch_losses": [
        1.0745910154405895,
        0.9219327444175731,
        0.8206026613460004,
        0.7720101496020384,
        0.7427486526800293,
        0.7163359116123847,
        0.6983442853304965,
        0.6822255424159449,
        0.6651141637276555,
        0.6512938681760879,
        0.6393883153330628,
        0.6277549180489974,
        0.6169433549295821,
        0.6066361142608144,
        0.5998144145695294,
        0.5909910874215616,
        0.5834159977468265,
        0.5775819650894931,
        0.5679197396765407,
        0.563271127011934
    ],
    "val_epoch_accs": [
        0.5705935704927945,
        0.616547415096241,
        0.6638113473747859,
        0.6789277436259196,
        0.6896099969767208,
        0.6898115489267359,
        0.7024085458026806,
        0.7072457926030434,
        0.7136954550035272,
        0.7190365816789277,
        0.7257885720044341,
        0.7260908999294569,
        0.7319359064798951,
        0.7345560818300917,
        0.7384863448553864,
        0.7398972085054923,
        0.7434243676307568,
        0.7453391111559005,
        0.7490678222311801,
        0.7501763579562633
    ],
    "val_epoch_losses": [
        0.9720557112373268,
        0.8733263148195163,
        0.786573597335604,
        0.7565650551006533,
        0.7335653200416715,
        0.721579968586908,
        0.7000749290956553,
        0.686579440445666,
        0.675690414539619,
        0.66312673500225,
        0.6547775099765962,
        0.6448407116753673,
        0.6384427964200804,
        0.633266249503578,
        0.6274376909278471,
        0.623443759924508,
        0.6198791209685277,
        0.6132387281377193,
        0.6076699160080721,
        0.6026066047258943
    ]
}