{
  "train_epoch_losses": [
    1.058587444090502,
    0.9149956837269453,
    0.8289838926226495,
    0.7765353467766736,
    0.7406598648893283,
    0.7032276152411048,
    0.6815881963051079,
    0.661574333407566,
    0.6492575340166709,
    0.6399131222036524,
    0.6286891690186737,
    0.6190802319543397,
    0.6101874555101608,
    0.6019728273375576,
    0.5926508030159006
  ],
  "train_epoch_accs": [
    0.5386766780890949,
    0.5975861721427131,
    0.6435446482563999,
    0.6728734126184237,
    0.6874874017335215,
    0.7048226164079823,
    0.713994154404354,
    0.7228381374722838,
    0.7303467042934892,
    0.7343025599677484,
    0.7407528724047571,
    0.7429953638379359,
    0.7455402136665995,
    0.7499244104011288,
    0.7566770812336222
  ],
  "val_epoch_losses": [
    0.9652857905696576,
    0.8736689630792612,
    0.8012056766432836,
    0.7696866248507636,
    0.730537480060028,
    0.7022007089654464,
    0.6851682372178737,
    0.6746521504021671,
    0.6637302778558386,
    0.655715982988214,
    0.6506753015287531,
    0.6453204332526792,
    0.6367570495672744,
    0.6304213332574862,
    0.625695021290891
  ],
  "val_epoch_accs": [
    0.5787564244684067,
    0.6139272397460446,
    0.6585709966743928,
    0.6802378313010179,
    0.6942456918270684,
    0.7089589841781719,
    0.7136954550035272,
    0.7196412375289731,
    0.7196412375289731,
    0.7244784843293359,
    0.7285095233296383,
    0.7278040915045854,
    0.7326413383049482,
    0.7347576337801068,
    0.7379824649803487
  ]
}